"package","version","license","usage"
"@jridgewell/resolve-uri","3.1.2","MIT","development"
"@jridgewell/sourcemap-codec","1.6.0","MIT","development"
"@jridgewell/trace-mapping","0.3.31","MIT","development"
"@oxc-project/types","0.152.0","MIT","development"
"@playwright/test","1.63.0","Apache-2.0","development"
"@rolldown/binding-android-arm-eabi","1.2.12","MIT","development"
"@rolldown/binding-android-arm64","1.2.12","MIT","development"
"@rolldown/binding-darwin-arm64","1.2.12","MIT","development"
"@rolldown/binding-darwin-x64","1.2.12","MIT","development"
"@rolldown/binding-freebsd-x64","1.2.12","MIT","development"
"@rolldown/binding-linux-arm-gnueabihf","1.2.12","MIT","development"
"@rolldown/binding-linux-arm64-gnu","1.2.12","MIT","development"
"@rolldown/binding-linux-arm64-musl","1.2.12","MIT","development"
"@rolldown/binding-linux-ppc64-gnu","1.2.12","MIT","development"
"@rolldown/binding-linux-s390x-gnu","1.2.12","MIT","development"
"@rolldown/binding-linux-x64-gnu","1.2.12","MIT","development"
"@rolldown/binding-linux-x64-musl","1.2.12","MIT","development"
"@rolldown/binding-openharmony-arm64","1.2.12","MIT","development"
"@rolldown/binding-win32-arm64-msvc","1.2.12","MIT","development"
"@rolldown/binding-win32-x64-msvc","1.2.12","MIT","development"
"@rolldown/pluginutils","1.0.1","MIT","development"
"@types/chai","5.2.3","MIT","development"
"@types/deep-eql","4.0.2","MIT","development"
"@types/estree","1.0.9","MIT","development"
"@vitest/mocker","5.0.3","MIT","development"
"@vitest/spy","5.0.3","MIT","development"
"assertion-error","2.0.1","MIT","development"
"chai","6.3.0","MIT","development"
"detect-libc","2.1.2","Apache-2.0","development"
"es-module-lexer","2.3.2","MIT","development"
"estree-walker","3.0.3","MIT","development"
"expect-type","1.4.0","Apache-2.0","development"
"fdir","6.5.0","MIT","development"
"fsevents","2.3.3","MIT","development"
"lightningcss","1.33.0","MPL-2.0","development"
"lightningcss-android-arm64","1.33.0","MPL-2.0","development"
"lightningcss-darwin-arm64","1.33.0","MPL-2.0","development"
"lightningcss-darwin-x64","1.33.0","MPL-2.0","development"
"lightningcss-freebsd-x64","1.33.0","MPL-2.0","development"
"lightningcss-linux-arm-gnueabihf","1.33.0","MPL-2.0","development"
"lightningcss-linux-arm64-gnu","1.33.0","MPL-2.0","development"
"lightningcss-linux-arm64-musl","1.33.0","MPL-2.0","development"
"lightningcss-linux-x64-gnu","1.33.0","MPL-2.0","development"
"lightningcss-linux-x64-musl","1.33.0","MPL-2.0","development"
"lightningcss-win32-arm64-msvc","1.33.0","MPL-2.0","development"
"lightningcss-win32-x64-msvc","1.33.0","MPL-2.0","development"
"magic-string","1.4.2","MIT","development"
"nanoid","3.3.19","MIT","development"
"obug","2.2.1","MIT","development"
"picocolors","1.1.1","ISC","development"
"picomatch","4.0.7","MIT","development"
"playwright","1.63.0","Apache-2.0","development"
"playwright-core","1.63.0","Apache-2.0","development"
"postcss","8.5.28","MIT","development"
"rolldown","1.2.12","MIT","development"
"source-map-js","1.2.2","BSD-3-Clause","development"
"std-env","4.3.0","MIT","development"
"tinybench","6.2.0","MIT","development"
"tinyexec","1.3.1","MIT","development"
"tinyglobby","0.2.17","MIT","development"
"vite","8.3.2","MIT","development"
"vitest","5.0.3","MIT","development"
"why-is-node-running","3.2.1","MIT","development"